{"cameraMode":{"drawMode":0,"name":"Shaded","section":"Shading Mode"},"sceneLighting":false,"audioPlay":false,"sceneViewState":{"m_AlwaysRefresh":false,"showFog":true,"showSkybox":false,"showFlares":true,"showImageEffects":true,"showParticleSystems":true,"showVisualEffectGraphs":true,"m_FxEnabled":true},"in2DMode":false,"pivot":{"x":-0.19833242893218995,"y":1.370839238166809,"z":0.0670548677444458},"rotation":{"x":0.03245805576443672,"y":-0.9571970105171204,"z":0.12004855275154114,"w":0.26136431097984316},"size":3.9510138034820558,"orthographic":false}