{"cameraMode":{"drawMode":0,"name":"Shaded","section":"Shading Mode"},"sceneLighting":false,"audioPlay":false,"sceneViewState":{"m_AlwaysRefresh":false,"showFog":true,"showSkybox":false,"showFlares":true,"showImageEffects":true,"showParticleSystems":true,"showVisualEffectGraphs":true,"m_FxEnabled":true},"in2DMode":false,"pivot":{"x":-0.17302054166793824,"y":0.024799980223178865,"z":-5.041961669921875},"rotation":{"x":-0.17589335143566132,"y":0.7713127732276917,"z":-0.2413949817419052,"w":-0.5620201826095581},"size":5.001134395599365,"orthographic":false}